power,operator,unit_name,start_date,age_years,location,mastr_number,mastr_url,cc,latitude,longitude
99,Konrad Kleiner GmbH & Co. KG,Viessmann BHKW,11.10.2018,6,"Kurt-Kleiner-Straße 1, 87719 Mindelheim",SEE912037755702,https://www.marktstammdatenregister.de/MaStR/Einheit/Detail/IndexOeffentlich/1800305,Gaiser,48.059,10.508
239,Collegium Augustinum Gemeinützige GmbH,MNO,30.10.2015,9,"Weitlstraße 66, 80935 München",SEE945091856061,https://www.marktstammdatenregister.de/MaStR/Einheit/Detail/IndexOeffentlich/1820308,Ökotherm,48.209,11.555
190,PC Westernstadt GmbH & Co. KG,Pullman City BHKW-Anlage,19.10.2018,6,"Ruberting 30, 94535 Eging a.See",SEE945128513080,https://www.marktstammdatenregister.de/MaStR/Einheit/Detail/IndexOeffentlich/1824440,Burke,48.696529,13.262945
121,Giesecke + Devrient,BHKW GDM15,1.10.2003,21,"Prinzregentenstraße 159, 81677 München",SEE961053147558,https://www.marktstammdatenregister.de/MaStR/Einheit/Detail/IndexOeffentlich/1828459,Ökotherm,48.139,11.623
50,Das Mühlbach e.K. Freudenstein Florian,BHKW 1,21.6.2018,6,"Bachstraße 15, 94072 Bad Füssing",SEE999514598113,https://www.marktstammdatenregister.de/MaStR/Einheit/Detail/IndexOeffentlich/1829434,Burke,48.345,13.31
140,Hanns-Seidel-Stiftung e.V.,BHKW Kloster Banz,20.9.2011,13,"Kloster Banz 1, 96231 Bad Staffelstein",SEE922558915097,https://www.marktstammdatenregister.de/MaStR/Einheit/Detail/IndexOeffentlich/1840759,Sell,50.133066,11.001019
50,LAVA  GmbH & Co. KG,86150-1,8.1.2019,6,"Gratzmüllerstraße 8, 86150 Augsburg",SEE904057425536,https://www.marktstammdatenregister.de/MaStR/Einheit/Detail/IndexOeffentlich/1848305,Rexroth,48.361,10.893
50,Rudi Göbel GmbH & Co. KG,BHKW RG,14.8.2018,6,"Max-Planck-Straße 23, 95233 Helmbrechts",SEE994066938325,https://www.marktstammdatenregister.de/MaStR/Einheit/Detail/IndexOeffentlich/1849378,Sell,50.231034,11.720381
142,BHS-tabletop AG,DLZ BHKW01,17.12.2013,11,"Roland-Dorschner-Straße 1, 95100 Selb",SEE937456251871,https://www.marktstammdatenregister.de/MaStR/Einheit/Detail/IndexOeffentlich/1860857,Sell,50.166,12.105
114,Gemeindewerke Ismaning,SVI0266,9.9.2013,11,"Erich-Zeitler-Straße 6, 85737 Ismaning",SEE975592614723,https://www.marktstammdatenregister.de/MaStR/Einheit/Detail/IndexOeffentlich/1860859,ITW,48.228,11.677
222,ROMA KG,BHKW Werk 2 - Industriestraße 40,1.4.2013,11,"Industriestraße 40, 89331 Burgau",SEE948146485544,https://www.marktstammdatenregister.de/MaStR/Einheit/Detail/IndexOeffentlich/1860944,Gaiser,48.434,10.419
50,sense electra GmbH,"Unterschleißheim, Gutenbergstr. 5",30.7.2018,6,"Gutenbergstraße 5, 85716 Unterschleißheim",SEE957111624000,https://www.marktstammdatenregister.de/MaStR/Einheit/Detail/IndexOeffentlich/1861155,ITW,48.287,11.565
237,SÜDWÄRME Gesellschaft für Energielieferung AG,BHKW,11.12.2015,9,"Anna-Wimschneider-Straße 1, 85716 Unterschleißheim",SEE944687854320,https://www.marktstammdatenregister.de/MaStR/Einheit/Detail/IndexOeffentlich/1863717,ITW,48.284,11.562
119,Diakonisches Werk Hof e.V.,Lernhof,24.1.2013,12,"Südring 96, 95032 Hof",SEE987867126145,https://www.marktstammdatenregister.de/MaStR/Einheit/Detail/IndexOeffentlich/1881734,Sell,50.292416,11.913307
205,Benseler Beschichtungen Bayern GmbH & Co.KG,Benseler V12,12.6.2014,10,"Brunfeldstraße 7, 94327 Bogen",SEE991565388750,https://www.marktstammdatenregister.de/MaStR/Einheit/Detail/IndexOeffentlich/1882142,Lausser,48.932,12.665
238,HAWE Hydraulik SE,BHKW HAWE Kaufbeuren,30.4.2014,10,"Karl-Heilmeier-Straße 1, 87600 Kaufbeuren",SEE955340606156,https://www.marktstammdatenregister.de/MaStR/Einheit/Detail/IndexOeffentlich/1890288,Gaiser,47.884,10.648
210,Lieken Brot- und Backwaren GmbH,BHKW-Günzburg,15.12.2015,9,"Max-Planck-Straße 9, 89312 Günzburg",SEE967888931980,https://www.marktstammdatenregister.de/MaStR/Einheit/Detail/IndexOeffentlich/1914139,Gaiser,48.473,10.276
50,Geiger Energietechnik GmbH,BHKW Sonthofen Mittagstraße,23.6.2014,10,"Mittagstraße 24, 87527 Sonthofen",SEE935270575876,https://www.marktstammdatenregister.de/MaStR/Einheit/Detail/IndexOeffentlich/1930300,Biomassehof,47.528949,10.263799
96,Truma Gerätetechnik,BHKW-P,1.5.2017,7,"Wernher-von-Braun-Straße 12, 85640 Putzbrunn",SEE937852053758,https://www.marktstammdatenregister.de/MaStR/Einheit/Detail/IndexOeffentlich/1931319,ITW,48.077,11.72
103,Alpcura Fachklinik Allgäu Betriebsgesellschaft mbh,Blockheizkraftwerk  Fachklinik Allgäu,1.8.2016,8,"Peter-Heel-Straße 29, 87459 Pfronten",SEE984143858837,https://www.marktstammdatenregister.de/MaStR/Einheit/Detail/IndexOeffentlich/1932891,Gaiser,47.583856,10.546783
155,E. Schiller Fleisch GmbH,Schnell BHKW,30.6.2016,8,"Hohe Straße 20, 95030 Hof",SEE971140307642,https://www.marktstammdatenregister.de/MaStR/Einheit/Detail/IndexOeffentlich/1940761,Sell,50.314605,11.87335
50,SÜC Energie und H²O,"Plattenäcker 30, Coburg, BHKW",20.2.2015,10,"Plattenäcker 30, 96450 Coburg",SEE943315865240,https://www.marktstammdatenregister.de/MaStR/Einheit/Detail/IndexOeffentlich/1940907,Sell,50.257,10.955
49,Alpha Immobilienmanagement GmbH,BHKW,9.3.2016,9,"Beuthener Straße 43, 90471 Nürnberg",SEE926257440362,https://www.marktstammdatenregister.de/MaStR/Einheit/Detail/IndexOeffentlich/1941987,Schmoll,49.427,11.133
99,Therme I Betriebsgesellschaft,BHKW II B,8.12.2016,8,"Kurallee 1, 94072 Bad Füssing",SEE971115325121,https://www.marktstammdatenregister.de/MaStR/Einheit/Detail/IndexOeffentlich/1955567,Burke,48.355,13.313
240,ROTKREUZKLINIKUM MÜNCHEN gemeinnützige GmbH,BHKW RK1,23.12.2015,9,"Nymphenburger Straße 163, 80634 München",SEE966379054566,https://www.marktstammdatenregister.de/MaStR/Einheit/Detail/IndexOeffentlich/1958039,Ökotherm,48.154651,11.532349
240,RILE Zerspanungstechnologie und Montage Lesser GmbH &Co. KG,BHKW Halle 7,16.12.2015,9,"Graflinger Straße 228, 94469 Deggendorf",SEE947828860877,https://www.marktstammdatenregister.de/MaStR/Einheit/Detail/IndexOeffentlich/1974249,Lausser,48.858,12.962
50,Sumitomo (SHI) Cyclo Drive Germany GmbH,BHKW,11.11.2015,9,"Cyclostraße 92, 85229 Markt Indersdorf",SEE917932142534,https://www.marktstammdatenregister.de/MaStR/Einheit/Detail/IndexOeffentlich/1983509,ITW,48.367,11.403
50,Diehl Stiftung & Co. KG,BHKW 1 Stephanstraße,4.4.2019,5,"Stephanstraße 49, 90478 Nürnberg",SEE945774154606,https://www.marktstammdatenregister.de/MaStR/Einheit/Detail/IndexOeffentlich/1985513,Schmoll,49.446495,11.102079
49,Privatbrauerei Zötler,BHKW,17.12.2017,7,"Grüntenstraße 2, 87549 Rettenberg",SEE933171247243,https://www.marktstammdatenregister.de/MaStR/Einheit/Detail/IndexOeffentlich/1998141,Biomassehof,47.575359,10.300091
50,Gambs Fahrzeuglackierung GmbH / 25500017,BHKW Smartblock 50 Modul 1,7.3.2019,6,"Siemensstraße 9, 85716 Unterschleißheim",SEE933748072476,https://www.marktstammdatenregister.de/MaStR/Einheit/Detail/IndexOeffentlich/2015910,ITW,48.2893,11.574393
140,Hans Weber Maschinenfabrik,BHKW Viessmann 140kW,7.4.2016,8,"Industriestraße 23, 96317 Kronach",SEE929656463321,https://www.marktstammdatenregister.de/MaStR/Einheit/Detail/IndexOeffentlich/2030209,Sell,50.231979,11.346252
49,Stadtwerke Rödental,KWK 16,25.1.2019,6,"Martin-Luther-Straße 46, 96472 Rödental",SEE912161292616,https://www.marktstammdatenregister.de/MaStR/Einheit/Detail/IndexOeffentlich/2037523,Sell,50.291042,11.035803
50,Cremer Management GmbH,BHKW Nürnberg,18.1.2018,7,"Gutenstetter Straße 2, 90449 Nürnberg",SEE938622884732,https://www.marktstammdatenregister.de/MaStR/Einheit/Detail/IndexOeffentlich/2037739,Schmoll,49.436853,11.002417
150,Stadtwerke Augsburg Energie GmbH,Fritz-Hintermayr-Straße,13.11.2018,6,"Fritz-Hintermayr-Straße 7, 86159 Augsburg",SEE918785216892,https://www.marktstammdatenregister.de/MaStR/Einheit/Detail/IndexOeffentlich/2039795,Rexroth,48.351505,10.889441
50,Ludwig-Maximilians-Universität München,Generator BHKW Luisenstr. 37,1.11.2010,14,"Luisenstraße 37, 80333 München",SEE971121402175,https://www.marktstammdatenregister.de/MaStR/Einheit/Detail/IndexOeffentlich/2049870,Ökotherm,48.147581,11.564453
70,Fernwärme Marktoberdorf GmbH,BHKW 1.01,6.11.2012,12,"Mühlsteig 27, 87616 Marktoberdorf",SEE924941604144,https://www.marktstammdatenregister.de/MaStR/Einheit/Detail/IndexOeffentlich/2059041,Gaiser,47.773414,10.610077
50,Asklepios Klinik Schaufling GmbH Betriebsstätte Aidenbach,BHKW,15.3.2019,6,"Schwanthalerstraße 35, 94501 Aidenbach",SEE903242925158,https://www.marktstammdatenregister.de/MaStR/Einheit/Detail/IndexOeffentlich/2061325,Burke,48.57544,13.093093
75,Europarkhotel und Gesundheit GmbH & Co. KG,BHKW Europarkhotel,26.1.2009,16,"Am Kapellenberg 2, 87629 Füssen",SEE963632178786,https://www.marktstammdatenregister.de/MaStR/Einheit/Detail/IndexOeffentlich/2061844,Gaiser,47.564788,10.693525
50,Fernwärme Marktoberdorf GmbH,BHKW 3.02,8.11.2012,12,"Bahnhofstraße 42, 87616 Marktoberdorf",SEE995252619585,https://www.marktstammdatenregister.de/MaStR/Einheit/Detail/IndexOeffentlich/2118073,Gaiser,47.772383,10.614546
70,Fernwärme Marktoberdorf GmbH,BHKW 3.03,8.12.2012,12,"Bahnhofstraße 42, 87616 Marktoberdorf",SEE923674370890,https://www.marktstammdatenregister.de/MaStR/Einheit/Detail/IndexOeffentlich/2118086,Gaiser,47.772383,10.614546
50,Fernwärme Marktoberdorf GmbH,BHKW 5.01,5.12.2012,12,"Richard-Wengenmeier-Platz 1, 87616 Marktoberdorf",SEE903710917302,https://www.marktstammdatenregister.de/MaStR/Einheit/Detail/IndexOeffentlich/2118136,Gaiser,47.777506,10.615606
50,Haslinger Hof KG,BHKW 50 Küche,21.5.2019,5,"Ed 1, 94148 Kirchham",SEE917849832443,https://www.marktstammdatenregister.de/MaStR/Einheit/Detail/IndexOeffentlich/2137366,Burke,48.351458,13.289503
50,Brennpunkt Energie GmbH,BHKW 6 BPE,20.5.2019,5,"Am Baggersee 2, 87674 Ruderatshofen",SEE914234735563,https://www.marktstammdatenregister.de/MaStR/Einheit/Detail/IndexOeffentlich/2159044,Gaiser,47.799034,10.598814
177,Borgers Süd GmbH,BHKW,22.7.2014,10,"Michael-Faist-Straße 11, 86381 Krumbach",SEE959198660490,https://www.marktstammdatenregister.de/MaStR/Einheit/Detail/IndexOeffentlich/2160609,Gaiser,48.249176,10.356655
50,Hochschule für angewandte Wissenschaften München,BHKW-Pasing,22.11.2012,12,"Am Stadtpark 20, 81243 München",SEE998412529182,https://www.marktstammdatenregister.de/MaStR/Einheit/Detail/IndexOeffentlich/2184814,Ökotherm,48.141877,11.451248
50,Licht- und Kraftwerke Helmbrechts GmbH,BHKW Hallenbad Aquawell,25.7.2017,7,"Adolf-Haack-Straße 7, 95233 Helmbrechts",SEE959942294162,https://www.marktstammdatenregister.de/MaStR/Einheit/Detail/IndexOeffentlich/2223662,Sell,50.23595,11.71172
50,Charlotte Baur Formschaumtechnik GmbH,BHKW G2471,10.12.2015,9,"Ifenstraße 2, 87719 Mindelheim",SEE994485603644,https://www.marktstammdatenregister.de/MaStR/Einheit/Detail/IndexOeffentlich/2223946,Gaiser,48.036152,10.497836
240,Kliniken Ostallgäu-Kaufbeuren,Klinikum Kaufbeuren,19.12.2014,10,"Dr.-Gutermann-Straße 2, 87600 Kaufbeuren",SEE996571738667,https://www.marktstammdatenregister.de/MaStR/Einheit/Detail/IndexOeffentlich/2225679,Gaiser,47.887872,10.611745
145,J.M.Voith SE & Co KG   VTBS,BHKW,18.3.2015,10,"Hans-Böckler-Str. 7, 87527 Sonthofen",SEE906081693318,https://www.marktstammdatenregister.de/MaStR/Einheit/Detail/IndexOeffentlich/2227778,Biomassehof,47.524451,10.277802
140,Klinikverbund Allgäu,BHKW 1 MDH,3.7.2014,10,"Bad Wörishofer Straße 44, 87719 Mindelheim",SEE933747445004,https://www.marktstammdatenregister.de/MaStR/Einheit/Detail/IndexOeffentlich/2227985,Gaiser,48.04093,10.493325
50,SWW Wunsiedel GmbH,Fichtelgebirgshalle Wunsiedel,16.10.2017,7,"Jean-Paul-Straße 5, 95632 Wunsiedel",SEE941306278802,https://www.marktstammdatenregister.de/MaStR/Einheit/Detail/IndexOeffentlich/2228444,Sell,50.03837,12.005607
70,Dobler GmbH & Co. KG Bauunternehmung,BHKW,22.12.2014,10,"Augsburger Straße 50, 87600 Kaufbeuren",SEE988627886507,https://www.marktstammdatenregister.de/MaStR/Einheit/Detail/IndexOeffentlich/2229171,Gaiser,47.885535,10.642495
135,Justizvollzugsanstalt Aichach,BHKW 94040700188,19.5.2017,7,"Münchener Straße 33, 86551 Aichach",SEE914387141075,https://www.marktstammdatenregister.de/MaStR/Einheit/Detail/IndexOeffentlich/2242171,Rexroth,48.452692,11.134432
135,Justizvollzugsanstalt Aichach,BHKW 94040700187,19.5.2017,7,"Münchener Straße 33, 86551 Aichach",SEE998473915610,https://www.marktstammdatenregister.de/MaStR/Einheit/Detail/IndexOeffentlich/2242808,Rexroth,48.452692,11.134432
90,Möschl,BHKW,11.8.2017,7,"Eschachweg 7, 89264 Weißenhorn",SEE945427188798,https://www.marktstammdatenregister.de/MaStR/Einheit/Detail/IndexOeffentlich/2242825,Gaiser,48.304058,10.144202
140,Stadtwerke Vilshofen GmbH,BHKW,20.10.2013,11,"Wittelsbacherring 6, 94474 Vilshofen",SEE990256593312,https://www.marktstammdatenregister.de/MaStR/Einheit/Detail/IndexOeffentlich/2245536,Burke,48.628734,13.186224
140,MULTIVAC Sepp Haggenmüller SE & Co. KG,BHKW Geb. 15,14.12.2015,9,"Bahnhofstraße 4, 87787 Wolfertschwenden",SEE918254135433,https://www.marktstammdatenregister.de/MaStR/Einheit/Detail/IndexOeffentlich/2247194,Gaiser,47.88966,10.266083
50,Viße & Cudok Immobilien GmbH,BHKW Heizungsraum,22.3.2018,7,"Otto-Lilienthal-Ring 1, 85622 Feldkirchen",SEE928935079277,https://www.marktstammdatenregister.de/MaStR/Einheit/Detail/IndexOeffentlich/2317305,ITW,48.141444,11.739506
50,Daimler Truck AG,"BHKW Augsburg, Nürnberger Str.",18.8.2011,13,"Nürnberger Straße 2, 86156 Augsburg",SEE973851742804,https://www.marktstammdatenregister.de/MaStR/Einheit/Detail/IndexOeffentlich/2319886,Rexroth,48.414773,10.853657
50,Parkhotel Frank,BHKW-Anlage Heizungskeller,18.6.2008,16,"Sachsenweg 11, 87561 Oberstdorf",SEE907691649795,https://www.marktstammdatenregister.de/MaStR/Einheit/Detail/IndexOeffentlich/2348683,Biomassehof,47.404013,10.278798
50,Bayernwerk Natur GmbH,Erdgas-BHKW Kronach,23.4.2013,11,"Gottfried-Neukam-Straße 25, 96317 Kronach",SEE936363415543,https://www.marktstammdatenregister.de/MaStR/Einheit/Detail/IndexOeffentlich/2356091,Sell,50.242397,11.342275
200,München Klinik gGmbH,STKM_KN_HsA_BHKW,24.3.2015,10,"Oskar-Maria-Graf-Ring 51, 81737 München",SEE920058632582,https://www.marktstammdatenregister.de/MaStR/Einheit/Detail/IndexOeffentlich/2364187,Ökotherm,48.095666,11.660566
50,Brennpunkt Energie GmbH,BHKW 4 BPE,30.8.2016,8,"Am Baggersee 2, 87674 Ruderatshofen",SEE930700119200,https://www.marktstammdatenregister.de/MaStR/Einheit/Detail/IndexOeffentlich/2366788,Gaiser,47.799034,10.598806
140,Hosokawa Alpine AG,BHKW,5.6.2014,10,"Peter-Dörfler-Straße 13, 86199 Augsburg",SEE989282814294,https://www.marktstammdatenregister.de/MaStR/Einheit/Detail/IndexOeffentlich/2408661,Rexroth,48.348283,10.880096
140,C. Hübner GmbH,BHKW Sudetenstraße,23.7.2014,10,"Sudetenstraße 1, 87616 Marktoberdorf",SEE957582721376,https://www.marktstammdatenregister.de/MaStR/Einheit/Detail/IndexOeffentlich/2425463,Gaiser,47.775725,10.607586
50,KLAUS Hoch- und Tiefbau GmbH,FTW KHT BHKW Geb. 1.3 (Büro),20.11.2015,9,"Auenstraße 7, 86438 Kissing",SEE969830043512,https://www.marktstammdatenregister.de/MaStR/Einheit/Detail/IndexOeffentlich/2458535,Rexroth,48.305825,10.95683
240,Diakoneo KdöR Klinik Hallerwiese AbRB 515,KHC BHKW,1.7.2011,13,"Sankt-Johannis-Mühlgasse 19, 90419 Nürnberg",SEE918743115106,https://www.marktstammdatenregister.de/MaStR/Einheit/Detail/IndexOeffentlich/2485286,Schmoll,49.456906,11.066802
50,Eva Scherzer Biomasseheizwerk,Buderus Loganova EN50,8.7.2014,10,"Loher Hauptstraße 124, 90427 Nürnberg",SEE920723976881,https://www.marktstammdatenregister.de/MaStR/Einheit/Detail/IndexOeffentlich/2501521,Schmoll,49.488182,11.071622
140,GMN Paul Müller Industrie GmbH & Co. KG,Vitobloc 200 EM-140/207,23.7.2014,10,"Äußere Bayreuther Straße 230, 90411 Nürnberg",SEE946486652299,https://www.marktstammdatenregister.de/MaStR/Einheit/Detail/IndexOeffentlich/2501964,Schmoll,49.477879,11.114475
70,Dominikus-Ringeisen-Werk,BHKW-Kloster Holzen,12.12.2013,11,"Klosterstraße 1, 86695 Allmannshofen",SEE976444810140,https://www.marktstammdatenregister.de/MaStR/Einheit/Detail/IndexOeffentlich/2517859,Rexroth,48.604211,10.814142
50,Stadt Marktoberdorf,"MODEON, Schwabenstr. 58, 87616 Marktoberdorf",16.1.2009,16,"Schwabenstraße 58, 87616 Marktoberdorf",SEE921184916331,https://www.marktstammdatenregister.de/MaStR/Einheit/Detail/IndexOeffentlich/2518148,Gaiser,47.788316,10.621852
70,Heilbad Krumbad GmbH,BHKW-Krumbad,28.11.2012,12,"Bischof-Sproll-Straße 1, 86381 Krumbach",SEE986654204929,https://www.marktstammdatenregister.de/MaStR/Einheit/Detail/IndexOeffentlich/2522004,Gaiser,48.246149,10.389623
238,m&i-Klinikbetriebsgesellschaft GmbH Fachklinik Enzensberg,0302-021-0003 BHKW Vitobloc,31.7.2015,9,"Höhenstraße 56, 87629 Füssen",SEE957593176806,https://www.marktstammdatenregister.de/MaStR/Einheit/Detail/IndexOeffentlich/2545803,Gaiser,47.613857,10.689038
50,Eigenbetriebe Therme Natur Bad Rodach,BHKW_2019,31.10.2019,5,"Thermalbadstraße 18, 96476 Bad Rodach",SEE918009532562,https://www.marktstammdatenregister.de/MaStR/Einheit/Detail/IndexOeffentlich/2547042,Sell,50.333375,10.764613
140,Moll Automatisierung GmbH,BHKW 140 KW,6.10.2014,10,"Am Gewerbepark 2, 94339 Leiblfing",SEE999517080912,https://www.marktstammdatenregister.de/MaStR/Einheit/Detail/IndexOeffentlich/2554770,Lausser,48.78582,12.529869
143,Eigenbetriebe Therme Natur Bad Rodach,BHKW_2016,13.12.2016,8,"Thermalbadstraße 18, 96476 Bad Rodach",SEE974641464272,https://www.marktstammdatenregister.de/MaStR/Einheit/Detail/IndexOeffentlich/2558687,Sell,50.333375,10.764613
50,Kliniken Ostallgäu-Kaufbeuren,BKHW Füssen,17.6.2019,5,"nan nan, 87629 Füssen",SEE958281062111,https://www.marktstammdatenregister.de/MaStR/Einheit/Detail/IndexOeffentlich/2562898,Gaiser,47.566753,10.704303
50,Landkreis Oberallgäu,BHKW Schulzentrum Immenstadt,16.6.2016,8,"Missener Straße 25, 87509 Immenstadt",SEE908783623433,https://www.marktstammdatenregister.de/MaStR/Einheit/Detail/IndexOeffentlich/2590568,Biomassehof,47.560428,10.212073
50,robatherm GmbH+Co.KG,KWK Produktion FG2,25.2.2014,11,"John-F.-Kennedy-Straße 1, 89343 Jettingen-Scheppach",SEE977889207304,https://www.marktstammdatenregister.de/MaStR/Einheit/Detail/IndexOeffentlich/2593567,Gaiser,48.411113,10.433251
50,robatherm GmbH+Co.KG,KWK Verwaltung,4.7.2019,5,"John-F.-Kennedy-Straße 1, 89343 Jettingen-Scheppach",SEE911951261344,https://www.marktstammdatenregister.de/MaStR/Einheit/Detail/IndexOeffentlich/2593812,Gaiser,48.411113,10.433251
212,HEDI GmbH Elektro-und Gerätebau,BHKW HEDI,20.6.2013,11,"Schöneggweg 17, 87727 Babenhausen",SEE955489876007,https://www.marktstammdatenregister.de/MaStR/Einheit/Detail/IndexOeffentlich/2595499,Gaiser,48.146882,10.238858
238,Grundstücksgesellschaft Oschmann Nürnberg,Erdgas-BHKW-238kW,31.10.2013,11,"Pretzfelder Straße 7, 90425 Nürnberg",SEE957405222073,https://www.marktstammdatenregister.de/MaStR/Einheit/Detail/IndexOeffentlich/2606473,Schmoll,49.47241,11.063496
140,Medicalpark Bad Rodach,Modul 1641,23.9.2013,11,"Kurring 16, 96476 Bad Rodach",SEE910245880766,https://www.marktstammdatenregister.de/MaStR/Einheit/Detail/IndexOeffentlich/2616894,Sell,50.331035,10.766482
140,Medicalpark Bad Rodach,Modul 1690,23.9.2013,11,"Kurring 16, 96476 Bad Rodach",SEE980912210554,https://www.marktstammdatenregister.de/MaStR/Einheit/Detail/IndexOeffentlich/2617442,Sell,50.331035,10.766482
238,PASM Power and Air Condition Solution Management GmbH,"BHKW München, Blutenburgstr. 1a",13.5.2013,11,"Blutenburgstraße 1 a, 80636 München",SEE995745997251,https://www.marktstammdatenregister.de/MaStR/Einheit/Detail/IndexOeffentlich/2667058,Ökotherm,48.147753,11.549877
70,Parkhotel Photovoltaik GdbR,KWK-Anlage,11.3.2014,11,"Am Kurwald 10, 94086 Bad Griesbach",SEE985290556379,https://www.marktstammdatenregister.de/MaStR/Einheit/Detail/IndexOeffentlich/2681524,Burke,48.426989,13.189469
70,KJF Augsburg,BHKW Scheidegg,13.12.2013,11,"Oberschwenden 1, 88175 Scheidegg",SEE979175435422,https://www.marktstammdatenregister.de/MaStR/Einheit/Detail/IndexOeffentlich/2683817,Biomassehof,47.565565,9.833169
50,Metob Beschichtungen GmbH,BHKW,8.12.2016,8,"Röthenstraße 21, 96247 Michelau",SEE964999005777,https://www.marktstammdatenregister.de/MaStR/Einheit/Detail/IndexOeffentlich/2684487,Sell,50.171629,11.109897
50,Sparkasse Günzburg-Krumbach,ABR938013566421 BHKW GS300,28.7.2014,10,"An der Kapuzinermauer 2, 89312 Günzburg",SEE993310975512,https://www.marktstammdatenregister.de/MaStR/Einheit/Detail/IndexOeffentlich/2703491,Gaiser,48.453056,10.279066
52,Sparkasse Passau Bau-Organisation,"BHKW-1, Nikolastraße 1",20.12.2017,7,"Nikolastraße 1, 94032 Passau",SEE986574571682,https://www.marktstammdatenregister.de/MaStR/Einheit/Detail/IndexOeffentlich/2711709,Burke,48.573426,13.458088
50,Stadt Vöhringen,BHKW-Zum Klärwerk33,9.9.2015,9,"Zum Klärwerk 33, 89269 Vöhringen",SEE961739356045,https://www.marktstammdatenregister.de/MaStR/Einheit/Detail/IndexOeffentlich/2712293,Gaiser,48.286602,10.067362
142,Brüder Winkle GmbH + Co. KG,BHKW WI,23.7.2014,10,"Fabrikstraße 7, 89281 Altenstadt",SEE993996813399,https://www.marktstammdatenregister.de/MaStR/Einheit/Detail/IndexOeffentlich/2725248,Gaiser,48.158865,10.107446
70,ISAR-AMPER Erneuerbare Energien GmbH,NÜRN_070 #01202,3.1.2020,5,"Gernotstraße 47, 90439 Nürnberg",SEE946262501117,https://www.marktstammdatenregister.de/MaStR/Einheit/Detail/IndexOeffentlich/2726269,Schmoll,49.440385,11.044159
50,Zweckverband Realschule und Schulverband Mittelschule Babenhausen,Schulverband Babenhausen,12.4.2017,7,"Pestalozzistraße 7, 87727 Babenhausen",SEE907057207874,https://www.marktstammdatenregister.de/MaStR/Einheit/Detail/IndexOeffentlich/2734870,Gaiser,48.140146,10.261418
140,Augsburg Air Caterer GmbH,BHKW,1.6.2016,8,"Sebastian-Mayr-Straße 2, 86316 Friedberg",SEE987193941405,https://www.marktstammdatenregister.de/MaStR/Einheit/Detail/IndexOeffentlich/2739234,Rexroth,48.366735,10.957184
140,Rapunzel Naturkost GmbH,BHKW 2015 Legau,23.7.2015,9,"Rapunzelstraße 1, 87764 Legau",SEE910743803076,https://www.marktstammdatenregister.de/MaStR/Einheit/Detail/IndexOeffentlich/2743846,Gaiser,47.857658,10.132437
50,Günter Zott Energieerzeugung,BHKW 50kW 2,30.12.2010,14,"Krautgartenweg 8, 86441 Zusmarshausen",SEE979987335927,https://www.marktstammdatenregister.de/MaStR/Einheit/Detail/IndexOeffentlich/2747800,Rexroth,48.434571,10.596293
50,Dominikus-Ringeisen-Werk,BHKW-Pfaffenhausen,24.7.2014,10,"Pfarrstraße 6, 87772 Pfaffenhausen",SEE917597644183,https://www.marktstammdatenregister.de/MaStR/Einheit/Detail/IndexOeffentlich/2754661,Gaiser,48.118769,10.457002
50,Schulverband Mittelschule Buchloe,BHKW Hallenbad,14.5.2014,10,"Münchener Straße 22, 86807 Buchloe",SEE999083262606,https://www.marktstammdatenregister.de/MaStR/Einheit/Detail/IndexOeffentlich/2757693,Gaiser,48.030108,10.726402
54,Le-go Bekleidungswerke,Viessmann BHKW,18.2.2014,11,"Am Wiesengrund 20, 95032 Hof",SEE970046784557,https://www.marktstammdatenregister.de/MaStR/Einheit/Detail/IndexOeffentlich/2765419,Sell,50.29526,11.933808
140,Stadt Illertissen,BHKW Nautilla,3.12.2014,10,"Gottfried-Hart-Straße 6, 89257 Illertissen",SEE926627831912,https://www.marktstammdatenregister.de/MaStR/Einheit/Detail/IndexOeffentlich/2768902,Gaiser,48.217625,10.093935
210,Stadtwerke Gersthofen,BHKW Freibad Gersthofen,1.5.1992,32,"Sportallee 24, 86368 Gersthofen",SEE967204326421,https://www.marktstammdatenregister.de/MaStR/Einheit/Detail/IndexOeffentlich/2782579,Rexroth,48.425536,10.884346
50,Pflanzen Kölle Gartencenter GmbH & Co. KG,BHKW-Nürnberg,18.9.2016,8,"Geisseestraße 65, 90439 Nürnberg",SEE914553029046,https://www.marktstammdatenregister.de/MaStR/Einheit/Detail/IndexOeffentlich/2784007,Schmoll,49.434205,11.041809
140,Metallveredlung Emil Weiss GmbH & Co. KG,BHKW 140,13.7.2016,8,"Angerstraße 1, 96268 Mitwitz",SEE989305388511,https://www.marktstammdatenregister.de/MaStR/Einheit/Detail/IndexOeffentlich/2790728,Sell,50.250453,11.195385
50,Maintal Betten GmbH,BHKW Vitoloc 200EM-50/81,6.12.2012,12,"Schönbrunner Straße 17, 96215 Lichtenfels",SEE991260643628,https://www.marktstammdatenregister.de/MaStR/Einheit/Detail/IndexOeffentlich/2790735,Sell,50.128516,11.025558
50,Kurhotel an der Obermaintherme,BHKW-Hotel,20.2.2020,5,"Am Kurpark 7, 96231 Bad Staffelstein",SEE907077863272,https://www.marktstammdatenregister.de/MaStR/Einheit/Detail/IndexOeffentlich/2810325,Sell,50.109608,10.992924
50,SWM Services GmbH,Floriansanger1_BHKW_Mot1,16.12.2019,5,"Floriansanger 1, 85579 Neubiberg",SEE906963502523,https://www.marktstammdatenregister.de/MaStR/Einheit/Detail/IndexOeffentlich/2830280,ITW,48.077831,11.657805
50,Ikusto GmbH,BHKW 50kwh,3.11.2017,7,"Industriestraße 11, 86836 Untermeitingen",SEE970371498358,https://www.marktstammdatenregister.de/MaStR/Einheit/Detail/IndexOeffentlich/2831986,Rexroth,48.166505,10.829455
142,Landkreis Passau Krankenhaus gGmbH,BHKW-Vof,1.5.2013,11,"Krankenhausstraße 32, 94474 Vilshofen",SEE977778330755,https://www.marktstammdatenregister.de/MaStR/Einheit/Detail/IndexOeffentlich/2850958,Burke,48.6281,13.197848
198,Landkreis Passau Krankenhaus gGmbH,BHKW-Rot,27.11.2012,12,"Simbacher Straße 35, 94094 Rotthalmünster",SEE959989898002,https://www.marktstammdatenregister.de/MaStR/Einheit/Detail/IndexOeffentlich/2851071,Burke,48.354568,13.201809
140,m&i-Klinikgesellschaft in Ichenhausen GmbH,BHKW,21.6.2016,8,"Krumbacher Straße 45, 89335 Ichenhausen",SEE921914336613,https://www.marktstammdatenregister.de/MaStR/Einheit/Detail/IndexOeffentlich/2891390,Gaiser,48.365754,10.308731
240,Stella Hotelbetriebsgesellschaft mbH,BHKW,30.4.2013,11,"Buchfinkenweg 2, 87527 Sonthofen",SEE968171443548,https://www.marktstammdatenregister.de/MaStR/Einheit/Detail/IndexOeffentlich/2896718,Biomassehof,47.511617,10.307997
140,Kunststofftechnik Bernt GmbH,BHKW 1,18.2.2015,10,"Dr.-Herbert-Kittel-Straße 10, 87600 Kaufbeuren",SEE953916559721,https://www.marktstammdatenregister.de/MaStR/Einheit/Detail/IndexOeffentlich/2899070,Gaiser,47.889345,10.658112
140,Kunststofftechnik Bernt GmbH,BHKW 2,30.11.2015,9,"Dr.-Herbert-Kittel-Straße 10, 87600 Kaufbeuren",SEE982787098619,https://www.marktstammdatenregister.de/MaStR/Einheit/Detail/IndexOeffentlich/2899125,Gaiser,47.889345,10.658112
240,Lindauer DORNIER GmbH,BHKW,10.3.2015,10,"Rickenbacher Straße 119, 88131 Lindau",SEE947986715286,https://www.marktstammdatenregister.de/MaStR/Einheit/Detail/IndexOeffentlich/2904429,Biomassehof,47.555357,9.727299
140,Deutsche Post AG vertreten durch DPDHL RED GmbH,BHKW - PZ Günzburg,17.12.2015,9,"Ferdinand-Porsche-Straße 1, 89312 Günzburg",SEE976003509126,https://www.marktstammdatenregister.de/MaStR/Einheit/Detail/IndexOeffentlich/2914318,Gaiser,48.4256,10.2843
50,Dr. Georg-Frank-Altenhilfe-Stiftung,BHKW Haus 2,16.8.2017,7,"Dr.-Frank-Straße 2 b, 86391 Stadtbergen",SEE956385928661,https://www.marktstammdatenregister.de/MaStR/Einheit/Detail/IndexOeffentlich/2920711,Rexroth,48.36197,10.847446
49,GLOBUS Handelshof St. Wendel GmbH & Co. KG,PLT Mini-BHKW,26.10.2017,7,"Dr.-Walter-Bruch-Straße 1, 94447 Plattling",SEE925152295633,https://www.marktstammdatenregister.de/MaStR/Einheit/Detail/IndexOeffentlich/2992379,Lausser,48.789224,12.895952
140,Helmut-G.-Walther-Klinikum Lichtenfels,BHKW 1,24.1.2019,6,"Professor-Arneth-Straße 2b, 96215 Lichtenfels",SEE932792258171,https://www.marktstammdatenregister.de/MaStR/Einheit/Detail/IndexOeffentlich/2996981,Sell,50.137807,11.08285
140,Helmut-G.-Walther-Klinikum Lichtenfels,BHKW 2,24.1.2019,6,"Professor-Arneth-Straße 2b, 96215 Lichtenfels",SEE971050961842,https://www.marktstammdatenregister.de/MaStR/Einheit/Detail/IndexOeffentlich/2997140,Sell,50.13779,11.082774
132,Meusburger Fahrzeugbau,Halle2 (Zwischenüberdachung),18.11.2019,5,"Kollmering 7, 94535 Eging a.See",SEE959575647014,https://www.marktstammdatenregister.de/MaStR/Einheit/Detail/IndexOeffentlich/3032707,Burke,48.702446,13.281869
50,Stadtwerke Augsburg Energie GmbH,Franz-Kobinger-Straße,2.2.2012,13,"Franz-Kobinger-Straße 5, 86157 Augsburg",SEE985022045621,https://www.marktstammdatenregister.de/MaStR/Einheit/Detail/IndexOeffentlich/3035963,Rexroth,48.362337,10.872637
50,Sennebogen Maschinenfabrik GmbH,Sen10W2.3,18.6.2008,16,"Sennebogenstraße 10, 94315 Straubing",SEE967297807166,https://www.marktstammdatenregister.de/MaStR/Einheit/Detail/IndexOeffentlich/3036386,Lausser,48.893308,12.654018
150,Stadtwerke Augsburg Energie GmbH,Servatius- Anna-Hintermayr-Stift,26.10.2018,6,"Fritz-Hintermayr-Straße 7, 86159 Augsburg",SEE911086953015,https://www.marktstammdatenregister.de/MaStR/Einheit/Detail/IndexOeffentlich/3036659,Rexroth,48.350423,10.889154
50,Stadtwerke Augsburg Energie GmbH,Kongress am Park,17.9.2013,11,"Gögginger Straße 10, 86159 Augsburg",SEE901408603155,https://www.marktstammdatenregister.de/MaStR/Einheit/Detail/IndexOeffentlich/3042577,Rexroth,48.359411,10.887185
50,Auto Kölbl,BHKW 50 kW alt gibt es nicht mehr,10.2.2011,14,"Michael-Kölbl-Straße 1, 85716 Unterschleißheim",SEE928425121684,https://www.marktstammdatenregister.de/MaStR/Einheit/Detail/IndexOeffentlich/3072714,ITW,48.281261,11.567093
50,Stadtwerke Augsburg Energie GmbH,Eschenhofstraße 5,5.12.2015,9,"Eschenhofstraße 5, 86154 Augsburg",SEE992397921900,https://www.marktstammdatenregister.de/MaStR/Einheit/Detail/IndexOeffentlich/3074445,Rexroth,48.389773,10.87938
50,Stadtwerke Augsburg Energie GmbH,Peterhofstraße 9,16.6.2010,14,"Peterhofstraße 9, 86163 Augsburg",SEE923438144514,https://www.marktstammdatenregister.de/MaStR/Einheit/Detail/IndexOeffentlich/3074481,Rexroth,48.353186,10.949486
115,Kliniken HochFranken Münchberg + Naila,BHKW M,18.1.2011,14,"Hofer Straße 40, 95213 Münchberg",SEE961478082700,https://www.marktstammdatenregister.de/MaStR/Einheit/Detail/IndexOeffentlich/3088030,Sell,50.195112,11.794133
140,Privatbrauerei und Mineralbrunnenbetrieb Heinrich Egerer,Erdgas-BHKW 4554,15.12.2016,8,"Dachinger Straße 27, 94431 Pilsting",SEE988892845551,https://www.marktstammdatenregister.de/MaStR/Einheit/Detail/IndexOeffentlich/3088177,Lausser,48.699457,12.600304
50,Müller-BBM Holding AG,BHKW BA7,11.3.2020,5,"Robert-Koch-Straße 9, 82152 Planegg",SEE914353086560,https://www.marktstammdatenregister.de/MaStR/Einheit/Detail/IndexOeffentlich/3093832,ITW,48.107377,11.433031
50,Huber Kunstoff & Technik GmbH,BHKW,16.9.2013,11,"Gewerbestraße 4, 86879 Wiedergeltingen",SEE916149528681,https://www.marktstammdatenregister.de/MaStR/Einheit/Detail/IndexOeffentlich/3129510,Gaiser,48.042792,10.676466
50,Landkreis Coburg,Blockheizkraftwerk Staatl. Realschule Coburg II,21.1.2014,11,"Thüringer Straße 5, 96450 Coburg",SEE997922123651,https://www.marktstammdatenregister.de/MaStR/Einheit/Detail/IndexOeffentlich/3130448,Sell,50.262448,10.947187
50,Edith-Haberland-Wagner Stiftung,BHKW Jugendhotel,23.10.2019,5,"Am Bavariapark 16, 80339 München",SEE976108561869,https://www.marktstammdatenregister.de/MaStR/Einheit/Detail/IndexOeffentlich/3161129,Ökotherm,48.13205,11.545433
210,KAPP GmbH & Co. KG,BHKW Werk 2,1.7.2000,24,"Gärtnersleite 2, 96450 Coburg",SEE926122377045,https://www.marktstammdatenregister.de/MaStR/Einheit/Detail/IndexOeffentlich/3184203,Sell,50.27371,10.988249
50,Sparkasse Dachau,BHKW Hauptstelle,24.5.2012,12,"Sparkassenplatz 1, 85221 Dachau",SEE979364102739,https://www.marktstammdatenregister.de/MaStR/Einheit/Detail/IndexOeffentlich/3227207,ITW,48.255258,11.43995
142,Kunststoff Helmbrechts AG,BHKW Werk 5,21.11.2013,11,"Fliegerweg 2, 95233 Helmbrechts",SEE928422920990,https://www.marktstammdatenregister.de/MaStR/Einheit/Detail/IndexOeffentlich/3241921,Sell,50.230657,11.725226
140,Deutsche Rentenversicherung Bund RZ in Bad Steben,Bad Steben Klinik Franken,20.9.2011,13,"Berliner Straße 18, 95138 Bad Steben",SEE997000113437,https://www.marktstammdatenregister.de/MaStR/Einheit/Detail/IndexOeffentlich/3292065,Sell,50.359743,11.631013
100,Deutsche Rentenversicherung Bund RZ in Bad Steben,Bad Steben Klinik Auental,11.6.2010,14,"Frankenwaldstraße 33, 95138 Bad Steben",SEE936400314877,https://www.marktstammdatenregister.de/MaStR/Einheit/Detail/IndexOeffentlich/3292124,Sell,50.368281,11.653306
50,Gemeindewerke Putzbrunn GmbH,BHKW-Energiezentrale,8.11.2007,17,"Rathausstraße 7, 85640 Putzbrunn",SEE960764569826,https://www.marktstammdatenregister.de/MaStR/Einheit/Detail/IndexOeffentlich/3314950,ITW,48.074193,11.71578
50,St.-Georgs-Mühle,BHKW,26.7.2012,12,"Geisenrieder Straße 42, 87616 Marktoberdorf",SEE956592492016,https://www.marktstammdatenregister.de/MaStR/Einheit/Detail/IndexOeffentlich/3333628,Gaiser,47.771944,10.55699
50,Jüliyet Suic Handel & Export,BHKW Suic,23.11.2017,7,"Oberer Buxheimer Weg 60, 87700 Memmingen",SEE972202066491,https://www.marktstammdatenregister.de/MaStR/Einheit/Detail/IndexOeffentlich/3352453,Gaiser,48.0052,10.150381
140,Deutsche Provinz der Salesianer Don Boscos,BHKW-St-Wolf,5.7.2016,8,"Sieboldstraße 11, 81669 München",SEE990480747413,https://www.marktstammdatenregister.de/MaStR/Einheit/Detail/IndexOeffentlich/3359554,Ökotherm,48.124856,11.593678
70,Kugler Feinkost GmbH,BHKW,16.12.2014,10,"Taxetstraße 5, 85599 Parsdorf",SEE952267109692,https://www.marktstammdatenregister.de/MaStR/Einheit/Detail/IndexOeffentlich/3378358,ITW,48.147391,11.793886
50,VTA Verfahrenstechnische Anlagen GmbH & Co. KG,BHKW,7.2.2013,12,"Bernrieder Straße 10, 94559 Niederwinkling",SEE955208769962,https://www.marktstammdatenregister.de/MaStR/Einheit/Detail/IndexOeffentlich/3390967,Lausser,48.891473,12.803757
50,Klinik am Park Bad Steben GmbH,BHKW Bad Steben,8.12.2011,13,"Berliner Straße 2, 95138 Bad Steben",SEE905017608891,https://www.marktstammdatenregister.de/MaStR/Einheit/Detail/IndexOeffentlich/3410283,Sell,50.361663,11.634046
70,Zweckverband Hallenbad Nord,BHKW,1.6.2016,8,"Günzburger Straße 68, 89340 Leipheim",SEE978594279990,https://www.marktstammdatenregister.de/MaStR/Einheit/Detail/IndexOeffentlich/3429654,Gaiser,48.447235,10.232334
140,Deutsche Post AG vertreten durch DPDHL RED GmbH,BHKW PZ Augsburg WE231105,25.11.2016,8,"Stuttgarter Straße 33, 86154 Augsburg",SEE934463022616,https://www.marktstammdatenregister.de/MaStR/Einheit/Detail/IndexOeffentlich/3441461,Rexroth,48.4042,10.8687
50,relexa hotel GmbH,BHKW,21.1.2016,9,"Badstraße 26 -28, 95138 Bad Steben",SEE953655970115,https://www.marktstammdatenregister.de/MaStR/Einheit/Detail/IndexOeffentlich/3447683,Sell,50.365861,11.636024
238,Stadtentwicklungsgesellschaft Coburg mbH,BHKW Heimatring 42 a,20.12.2010,14,"Heimatring 42, 96450 Coburg",SEE980711004255,https://www.marktstammdatenregister.de/MaStR/Einheit/Detail/IndexOeffentlich/3450861,Sell,50.266986,10.938507
50,A&U Consulting GmbH,KWK-Anlage,28.1.2019,6,"Steinbühl 3, 87463 Dietmannsried",SEE950696045963,https://www.marktstammdatenregister.de/MaStR/Einheit/Detail/IndexOeffentlich/3451256,Biomassehof,47.812138,10.301591
227,Meckatzer Löwenbräu Benedikt Weiß KG,BHKW,1.1.1999,26,"Meckatz 10, 88178 Heimenkirch",SEE987207338535,https://www.marktstammdatenregister.de/MaStR/Einheit/Detail/IndexOeffentlich/3463122,Biomassehof,47.631066,9.889317
50,MCSL-Managementcentrum Schloss Lautrach Betriebs GmbH,Parkgebäude,28.7.2014,10,"Schloßstraße 1 a, 87763 Lautrach",SEE978254062764,https://www.marktstammdatenregister.de/MaStR/Einheit/Detail/IndexOeffentlich/3494264,Gaiser,47.895917,10.115265
140,IV.BPA Nürnberg,BHKW Geb.15,15.1.2014,11,"Kornburger Straße 60, 90469 Nürnberg",SEE944685544537,https://www.marktstammdatenregister.de/MaStR/Einheit/Detail/IndexOeffentlich/3500103,Schmoll,49.398566,11.108954
100,Stadt Lichtenfels,BHKW-Kläranalge Lichtenfels,23.1.2020,5,"Wöhrdstraße 51, 96215 Lichtenfels",SEE903061731442,https://www.marktstammdatenregister.de/MaStR/Einheit/Detail/IndexOeffentlich/3567161,Sell,50.143691,11.049731
70,Alois Müller Holding GmbH & Co. KG,BHKW DrBerndlPlatz2,28.9.2016,8,"Dr.-Berndl-Platz 2, 87700 Memmingen",SEE903372175850,https://www.marktstammdatenregister.de/MaStR/Einheit/Detail/IndexOeffentlich/3573840,Gaiser,47.988715,10.171936
210,Stadtwerke Straubing GmbH,BHKW AQUAtherm,19.4.2012,12,"Wittelsbacherhöhe 50, 94315 Straubing",SEE909996377243,https://www.marktstammdatenregister.de/MaStR/Einheit/Detail/IndexOeffentlich/3604994,Lausser,48.87346,12.56015
99,Fraunhofer Institut für Integrierte Schaltungen IIS,BHKW N2 E22656,6.10.2015,9,"Nordostpark 84, 90411 Nürnberg",SEE915108776507,https://www.marktstammdatenregister.de/MaStR/Einheit/Detail/IndexOeffentlich/3610380,Schmoll,49.486085,11.128603
50,Haus Pfifferlingstal GmbH,BHKW,21.12.2015,9,"Paracelsusstraße 3, 86441 Zusmarshausen",SEE923888226167,https://www.marktstammdatenregister.de/MaStR/Einheit/Detail/IndexOeffentlich/3613946,Rexroth,48.404464,10.612493
70,Hotel Asam GmbH & Co. KG,BHKW,3.12.2013,11,"Wittelsbacherhöhe 1, 94315 Straubing",SEE907708479827,https://www.marktstammdatenregister.de/MaStR/Einheit/Detail/IndexOeffentlich/3616604,Lausser,48.874481,12.567217
51,Bayrisches Rotes Kreuz Kreisverband Deggendorf,BHKW 1 Wäscherei Plattling,20.11.2015,9,"Luitpoldstraße 16, 94447 Plattling",SEE922180635806,https://www.marktstammdatenregister.de/MaStR/Einheit/Detail/IndexOeffentlich/3636169,Lausser,48.778733,12.868512
51,Bayrisches Rotes Kreuz Kreisverband Deggendorf,BHKW 2 Wäscherei Plattling,20.11.2015,9,"Luitpoldstraße 16, 94447 Plattling",SEE940162973234,https://www.marktstammdatenregister.de/MaStR/Einheit/Detail/IndexOeffentlich/3636383,Lausser,48.778733,12.868512
50,BBW Betreuungs-Beratungs- und Wohnbaugesellschaft für Behinderte gemeinnützige GmbH,Zerzabelshofstr. 29 BHKW 50 kW,22.10.2014,10,"Am Spund 4, 90427 Nürnberg",SEE920977527297,https://www.marktstammdatenregister.de/MaStR/Einheit/Detail/IndexOeffentlich/3638080,Schmoll,49.522398,11.02718
50,Lehn Hotel- und Gastronomie Betriebsgesellschaft mbH Vitalhotel Sonneck,BHKW,3.10.2009,15,"Tannenbaum 1, 86825 Bad Wörishofen",SEE909052129496,https://www.marktstammdatenregister.de/MaStR/Einheit/Detail/IndexOeffentlich/3655031,Gaiser,48.008137,10.576188
50,Erich Röhr GmbH & Co. KG,VW Zentrum Passau,5.4.2018,6,"Spitalhofstraße 70, 94032 Passau",SEE926113272007,https://www.marktstammdatenregister.de/MaStR/Einheit/Detail/IndexOeffentlich/3664225,Burke,48.570561,13.43267
50,Knorr-Bremse SfS HmbH,BHKW TCK1H2,27.3.2019,5,"Moosacher Straße 80, 80809 München",SEE981732999261,https://www.marktstammdatenregister.de/MaStR/Einheit/Detail/IndexOeffentlich/3664774,Ökotherm,48.187044,11.548456
50,Franz Hofbauer Automobile GmbH & Co. KG,BHKW Smartblock 50 (2018),2.1.2018,7,"Neuburger Straße 141, 94036 Passau",SEE956643025286,https://www.marktstammdatenregister.de/MaStR/Einheit/Detail/IndexOeffentlich/3671197,Burke,48.558534,13.421063
50,Sozialservice-Gesellschaft des Bayerischen Roten Kreuzes gGmbH,SSG Augsburg,17.10.2013,11,"Marconistraße 7, 86179 Augsburg",SEE987398818922,https://www.marktstammdatenregister.de/MaStR/Einheit/Detail/IndexOeffentlich/3673688,Rexroth,48.316521,10.911039
100,Stadt Schwabmünchen,BHKW Freibad Schwabmünchen,16.5.2019,5,"Badstraße 21, 86830 Schwabmünchen",SEE957375200446,https://www.marktstammdatenregister.de/MaStR/Einheit/Detail/IndexOeffentlich/3676137,Rexroth,48.172921,10.750641
142,HEINZ-GLAS GmbH & Co. KGaA,BHKW 3 Kleintettau,6.2.2008,17,"Glashüttenplatz 3, 96355 Tettau",SEE950343004831,https://www.marktstammdatenregister.de/MaStR/Einheit/Detail/IndexOeffentlich/3678128,Sell,50.471431,11.283723
50,Landgericht Augsburg,Blockheizkraftwerk SJZ,10.12.2015,9,"Gögginger Straße 101, 86199 Augsburg",SEE908794413870,https://www.marktstammdatenregister.de/MaStR/Einheit/Detail/IndexOeffentlich/3679811,Rexroth,48.350093,10.878772
50,"Wohnungseigentümergemeinschaft Am Isarkanal 24, 81379 München",BHKW,29.4.2019,5,"Am Isarkanal 24, 81379 München",SEE980795700555,https://www.marktstammdatenregister.de/MaStR/Einheit/Detail/IndexOeffentlich/3684398,Ökotherm,48.103772,11.549562
240,Brennpunkt Energie GmbH,BHKW 5 BPE,21.12.2017,7,"Am Baggersee 2, 87674 Ruderatshofen",SEE913271982459,https://www.marktstammdatenregister.de/MaStR/Einheit/Detail/IndexOeffentlich/3713618,Gaiser,47.799057,10.598761
140,Berufsförderungswerk Nürnberg gemeinnützige GmbH,BHKW 2011,11.1.2011,14,"Schleswiger Straße 101, 90427 Nürnberg",SEE924559749503,https://www.marktstammdatenregister.de/MaStR/Einheit/Detail/IndexOeffentlich/3721133,Schmoll,49.47556,11.047152
239,"Hochschule für den öffentlichen Dienst in Bayern, Fachbereich Allgemeine Innere Verwaltung",ABR944063378501,20.10.2010,14,"Wirthstraße 51, 95028 Hof",SEE928721656088,https://www.marktstammdatenregister.de/MaStR/Einheit/Detail/IndexOeffentlich/3721550,Sell,50.32506,11.937038
208,Klinik Mallersdorf,BHKW,17.7.2014,10,"Krankenhausstraße 6, 84066 Mallersdorf-Pfaffenberg",SEE956736486192,https://www.marktstammdatenregister.de/MaStR/Einheit/Detail/IndexOeffentlich/3721979,Lausser,48.777964,12.246256
140,Martha-Maria Krankenhaus gGmbH,Martha-Maria München 1,16.12.2013,11,"Wolfratshauser Straße 109, 81479 München",SEE997522763615,https://www.marktstammdatenregister.de/MaStR/Einheit/Detail/IndexOeffentlich/3722030,Ökotherm,48.085287,11.534619
140,Lear Corporation GmbH,BHKW Lear,18.7.2016,8,"Industriestraße 48, 96317 Kronach",SEE987882045407,https://www.marktstammdatenregister.de/MaStR/Einheit/Detail/IndexOeffentlich/3728615,Sell,50.230831,11.343322
50,Studentenwerk Oberfranken,WA Coburg,1.12.2009,15,"Thüringer Straße 4a, 96450 Coburg",SEE971131988812,https://www.marktstammdatenregister.de/MaStR/Einheit/Detail/IndexOeffentlich/3729414,Sell,50.2641,10.948201
70,Kliniken an der Paar - KH Aichach,BHKW - Krankenhausstr. 11 b,27.7.2018,6,"Krankenhausstraße 11 b, 86551 Aichach",SEE984743450943,https://www.marktstammdatenregister.de/MaStR/Einheit/Detail/IndexOeffentlich/3819065,Rexroth,48.462172,11.139755
50,Caritasverband Coburg,BHKW Vitoblock,29.7.2014,10,"Kükenthalstraße 19, 96450 Coburg",SEE989970000978,https://www.marktstammdatenregister.de/MaStR/Einheit/Detail/IndexOeffentlich/3828534,Sell,50.248709,10.949122
50,Xaver Schmid GmbH & Co. Bauunternehmen KG,BHKW XS Saliterstr.,3.11.2016,8,"Saliterstraße 47, 87616 Marktoberdorf",SEE901323460369,https://www.marktstammdatenregister.de/MaStR/Einheit/Detail/IndexOeffentlich/3845239,Gaiser,47.770948,10.628261
200,BT Nyloplast GmbH,BT Nyloplast GmbH,5.1.2015,10,"Oberbernbacher Weg 24, 86551 Aichach",SEE944748502337,https://www.marktstammdatenregister.de/MaStR/Einheit/Detail/IndexOeffentlich/3845260,Rexroth,48.467576,11.130769
50,Liebenau Lebenswert Alter gemeinnützige GmbH,GAS-BHKW ESS - Ottobeuren,21.12.2015,9,"Spitalstraße 2, 87724 Ottobeuren",SEE974306013593,https://www.marktstammdatenregister.de/MaStR/Einheit/Detail/IndexOeffentlich/3855562,Gaiser,47.944719,10.294432
50,SWW Wunsiedel GmbH,Heizwerk Breitenbrunn,16.5.2011,13,"Am Luxbach 18, 95632 Wunsiedel",SEE927397183270,https://www.marktstammdatenregister.de/MaStR/Einheit/Detail/IndexOeffentlich/3881255,Sell,50.025397,11.990516
120,WUN Infrastruktur KU,Kläranlage Wun KWK,28.2.2014,11,"Wintersreuther Straße 4, 95632 Wunsiedel",SEE917508501253,https://www.marktstammdatenregister.de/MaStR/Einheit/Detail/IndexOeffentlich/3887709,Sell,50.039637,12.027248
50,Kliniken HochFranken Münchberg + Naila,BHKW N,5.5.2011,13,"Hofer Straße 45, 95119 Naila",SEE962322791380,https://www.marktstammdatenregister.de/MaStR/Einheit/Detail/IndexOeffentlich/3904879,Sell,50.324654,11.720713
238,V. BPA Königsbrunn,BHKW V. BPA Königsbrunn,22.9.2016,8,"Föllstraße 24, 86343 Königsbrunn",SEE929779792186,https://www.marktstammdatenregister.de/MaStR/Einheit/Detail/IndexOeffentlich/3905830,Rexroth,48.2921,10.88603
140,A. Hartl Resort GmbH & Co. Holding KG Hotel Fürstenhof,BHKW 140 KW FÜH,23.7.2014,10,"Thermalbadstraße 28, 94086 Bad Griesbach",SEE936250696680,https://www.marktstammdatenregister.de/MaStR/Einheit/Detail/IndexOeffentlich/3914620,Burke,48.42574,13.188005
50,"Regens-Wagner-Stiftung Dillingen, Regens Wagner Burgkunstadt",BHKW,1.4.2010,14,"Regens-Wagner-Platz 2, 96224 Burgkunstadt",SEE943660680550,https://www.marktstammdatenregister.de/MaStR/Einheit/Detail/IndexOeffentlich/3929886,Sell,50.141244,11.250231
70,Panoramahotel Oberjoch GmbH,BHKW MOD,9.8.2018,6,"Schongauer Straße 48, 87616 Marktoberdorf",SEE930547192824,https://www.marktstammdatenregister.de/MaStR/Einheit/Detail/IndexOeffentlich/3939608,Gaiser,47.771378,10.63665
50,Hotel Berwanger Hof GmbH,Berwanger Hof Kraftwerk,28.7.2011,13,"Niederdorf 11, 87538 Obermaiselstein",SEE914012198245,https://www.marktstammdatenregister.de/MaStR/Einheit/Detail/IndexOeffentlich/3956588,Biomassehof,47.442966,10.249863
50,2H GmbH & Co. KG,2H BHKW,26.11.2015,9,"Dieselstraße 24, 85748 Garching",SEE920061761521,https://www.marktstammdatenregister.de/MaStR/Einheit/Detail/IndexOeffentlich/3974087,ITW,48.225455,11.591738
119,Helios Frankenwaldklinik Kronach,BHKW - 1114-BT-00034,19.3.2015,10,"Friesener Straße 41, 96317 Kronach",SEE949951491669,https://www.marktstammdatenregister.de/MaStR/Einheit/Detail/IndexOeffentlich/3974766,Sell,50.244447,11.33287
50,Stadt Nürnberg H/ZA-KEM,Berufsschule 4/14 Schönweißstraße,1.1.2009,16,"Kleestraße 2, 90461 Nürnberg",SEE961802680282,https://www.marktstammdatenregister.de/MaStR/Einheit/Detail/IndexOeffentlich/4001431,Schmoll,49.436104,11.089579
49,Stadt Nürnberg H/ZA-KEM,Tiergarten Delphinlagune/Manatihaus,12.5.2011,13,"Am Tiergarten 42, 90480 Nürnberg",SEE903656311578,https://www.marktstammdatenregister.de/MaStR/Einheit/Detail/IndexOeffentlich/4004054,Schmoll,49.447441,11.139716
140,Rehafachzentrum Bad Füssing - Passau,RFZ_PA_BHKW,15.12.2015,9,"Kohlbruck 5, 94036 Passau",SEE928873702688,https://www.marktstammdatenregister.de/MaStR/Einheit/Detail/IndexOeffentlich/4047175,Burke,48.551117,13.414562
112,Wärmeversorgung Schwaben GmbH,WVS HZ KöBr BHKW2,1.3.2011,14,"St.-Ulrich-Straße 17, 86343 Königsbrunn",SEE947018897485,https://www.marktstammdatenregister.de/MaStR/Einheit/Detail/IndexOeffentlich/4074297,Rexroth,48.272541,10.885178
140,A.Hartl Resort GmbH &Co. Ferienhotel Griesbach Betriebs-KG,BHKW 140 KW Ludwig,12.3.2014,11,"Am Kurwald 2, 94086 Bad Griesbach",SEE912165160775,https://www.marktstammdatenregister.de/MaStR/Einheit/Detail/IndexOeffentlich/4100429,Burke,48.430195,13.187507
140,A.Hartl Resort GmbH &Co. SH Land- u. Golfhotel Betriebs-KG,BHKW 140 KW MAX,11.3.2014,11,"Kurallee 1, 94086 Bad Griesbach",SEE908417462261,https://www.marktstammdatenregister.de/MaStR/Einheit/Detail/IndexOeffentlich/4100622,Burke,48.430206,13.184829
50,Eura-Döner International Produktionsgesellschaft mbH,BHKW Vitobloc 200 EM,1.3.2011,14,"Fröbelstraße 4, 95030 Hof",SEE916580935970,https://www.marktstammdatenregister.de/MaStR/Einheit/Detail/IndexOeffentlich/4100634,Sell,50.318919,11.906235
227,HUK-COBURG Haftpflicht-Unterstützungs-Kasse kraftfahrender Beamter Deutschlands a. G.,BHKW Bahnhofsplatz (BP),15.6.2009,15,"Bahnhofsplatz 1, 96450 Coburg",SEE995639882588,https://www.marktstammdatenregister.de/MaStR/Einheit/Detail/IndexOeffentlich/4112469,Sell,50.263593,10.959102
50,Hotel Zugspitzblick GmbH + Co KG,ABR916896670152,30.5.2006,18,"Edelsbergweg 71, 87459 Pfronten",SEE989609660016,https://www.marktstammdatenregister.de/MaStR/Einheit/Detail/IndexOeffentlich/4119146,Gaiser,47.581913,10.538809
140,Kreisklinik Krumbach,Blockheizkraftwerk Klinik Krumbach,29.6.2016,8,"Mindelheimer Straße 69, 86381 Krumbach",SEE900971100085,https://www.marktstammdatenregister.de/MaStR/Einheit/Detail/IndexOeffentlich/4140043,Gaiser,48.238872,10.36433
70,Hotelbetriebsgesellschaft mbH,BHKW Hotel Sonnenhof,10.12.2013,11,"Hermann-Aust-Straße 11, 86825 Bad Wörishofen",SEE967871426349,https://www.marktstammdatenregister.de/MaStR/Einheit/Detail/IndexOeffentlich/4153976,Gaiser,48.001775,10.584514
50,Kommunalunternehmen Marktredwitz,BHKW Hallenbad,6.11.2014,10,"Schulstraße 2, 95615 Marktredwitz",SEE956092187900,https://www.marktstammdatenregister.de/MaStR/Einheit/Detail/IndexOeffentlich/4160610,Sell,50.006012,12.091131
113,Bayerisches Staatsbad Bad Steben GmbH,Bayer. Staatsbad Bad Steben BHKW113 kW,17.12.2015,9,"Badstraße 31, 95138 Bad Steben",SEE995962832953,https://www.marktstammdatenregister.de/MaStR/Einheit/Detail/IndexOeffentlich/4164691,Sell,50.364313,11.634477
140,BHS-Sonthofen GmbH,BHKW Eisenschmelze,22.12.2016,8,"An der Eisenschmelze 47, 87527 Sonthofen",SEE977367089408,https://www.marktstammdatenregister.de/MaStR/Einheit/Detail/IndexOeffentlich/4169135,Biomassehof,47.521814,10.277519
238,Mann+Hummel,BHKW Halle 7,8.9.2011,13,"Kollbacher Straße 31, 84163 Marklkofen",SEE949418732779,https://www.marktstammdatenregister.de/MaStR/Einheit/Detail/IndexOeffentlich/4177005,Lausser,48.550815,12.561065
246,Sana Klinikum Hof GmbH,BHKW Sana Klinikum Hof,24.5.2017,7,"Eppenreuther Straße 9, 95032 Hof",SEE952457396826,https://www.marktstammdatenregister.de/MaStR/Einheit/Detail/IndexOeffentlich/4178449,Sell,50.302956,11.915498
135,Rolls-Royce Solutions Augsburg GmbH,BHKW,1.1.2003,22,"Dasinger Straße 11, 86165 Augsburg",SEE926421476791,https://www.marktstammdatenregister.de/MaStR/Einheit/Detail/IndexOeffentlich/4184319,Rexroth,48.3994,10.93805
70,Helios Amper-Klinikum Dachau,Helios Amper-Klinikum Dachau,22.7.2014,10,"Krankenhausstraße 15, 85221 Dachau",SEE968900013936,https://www.marktstammdatenregister.de/MaStR/Einheit/Detail/IndexOeffentlich/4184412,ITW,48.265021,11.428428
240,JYSK SE,BHKW,4.12.2015,9,"Im Gewerbepark Unterallgäu 2, 87754 Kammlach",SEE974454092082,https://www.marktstammdatenregister.de/MaStR/Einheit/Detail/IndexOeffentlich/4188263,Gaiser,48.038309,10.435254
50,Stadtwerke Bobingen,BHKW- Parkstr. 3,14.2.2017,8,"nan nan, 86399 Bobingen",SEE979144032256,https://www.marktstammdatenregister.de/MaStR/Einheit/Detail/IndexOeffentlich/4189272,Rexroth,48.270084,10.82714
50,AWO Bezirksverband OMF e.V.,AWO Neustadt b. Coburg,20.10.2015,9,"Sonneberger Straße 27, 96465 Neustadt",SEE948296351898,https://www.marktstammdatenregister.de/MaStR/Einheit/Detail/IndexOeffentlich/4196698,Sell,50.331437,11.128893
50,AWO Bezirksverband OMF e.V.,AWO Rödental,4.7.2014,10,"Bürgermeister-F.-Fischer-Straße 3, 96472 Rödental",SEE932299337645,https://www.marktstammdatenregister.de/MaStR/Einheit/Detail/IndexOeffentlich/4196779,Sell,50.295153,11.040655
220,E-CON AG,BHKW GutenbergUH,21.12.2016,8,"Gutenbergstraße 12, 87781 Ungerhausen",SEE913437990564,https://www.marktstammdatenregister.de/MaStR/Einheit/Detail/IndexOeffentlich/4201807,Gaiser,48.018677,10.270389
50,Klinikverbund Allgäu gGmbH,BHKW Klinik Oberstdorf,29.4.2010,14,"Trettachstraße 16, 87561 Oberstdorf",SEE938919224272,https://www.marktstammdatenregister.de/MaStR/Einheit/Detail/IndexOeffentlich/4201965,Biomassehof,47.41057,10.28227
240,Pflanzen Kölle Gartencenter GmbH & Co. KG,BHKW München,13.1.2014,11,"Goteboldstraße 9, 81247 München",SEE983437840190,https://www.marktstammdatenregister.de/MaStR/Einheit/Detail/IndexOeffentlich/4202206,Ökotherm,48.176277,11.442953
70,Gabor Shoes AG,KWKLCM,14.12.2016,8,"Allgäuer Straße 17, 87719 Mindelheim",SEE956343396983,https://www.marktstammdatenregister.de/MaStR/Einheit/Detail/IndexOeffentlich/4203136,Gaiser,48.044409,10.50539
140,Rosenthal,BHKW-RaR-2013,24.10.2013,11,"Geheimrat-Rosenthal-Straße 71, 95100 Selb",SEE948236036809,https://www.marktstammdatenregister.de/MaStR/Einheit/Detail/IndexOeffentlich/4203527,Sell,50.183873,12.136063
50,SPIE Energy Solutions GmbH,BHKW-Ottobrunn,13.6.2014,10,"Rubensstraße 6, 85521 Ottobrunn",SEE931996376827,https://www.marktstammdatenregister.de/MaStR/Einheit/Detail/IndexOeffentlich/4207656,ITW,48.06892,11.685592
140,Lingenfelder GmbH & Co. OHG,BHKW Akelei,7.10.2010,14,"Kreuzweg 7, 87645 Schwangau",SEE933738955819,https://www.marktstammdatenregister.de/MaStR/Einheit/Detail/IndexOeffentlich/4208095,Gaiser,47.581345,10.732119
50,Metzgerei Elst,BHKW,20.3.2018,7,"Zeppelinstraße 5, 85570 Markt Schwaben",SEE930910068725,https://www.marktstammdatenregister.de/MaStR/Einheit/Detail/IndexOeffentlich/4212098,ITW,48.194182,11.851244
100,TE Connectivity Industrial GmbH,BHKW NW,30.7.2014,10,"Bernrieder Straße 15, 94559 Niederwinkling",SEE979929079537,https://www.marktstammdatenregister.de/MaStR/Einheit/Detail/IndexOeffentlich/4228494,Lausser,48.891215,12.80193
50,"Kath. Kirchengemeinde St. Johann K.d.ö.R, Altenheim St. Ulrich",KWK Altenheim 2013,17.9.2013,11,"St.-Hildegard-Weg 2, 87700 Memmingen",SEE930972727028,https://www.marktstammdatenregister.de/MaStR/Einheit/Detail/IndexOeffentlich/4228565,Gaiser,47.990472,10.188231
100,Stadt Dingolfing,BHKW,25.11.2016,8,"Bauhofstraße 6, 84130 Dingolfing",SEE907882630137,https://www.marktstammdatenregister.de/MaStR/Einheit/Detail/IndexOeffentlich/4228897,Lausser,48.63702,12.517759
100,Stadt Dingolfing,BHKW,4.12.2017,7,"Bauhofstraße 6, 84130 Dingolfing",SEE993181216561,https://www.marktstammdatenregister.de/MaStR/Einheit/Detail/IndexOeffentlich/4229194,Lausser,48.63702,12.517759
140,Markt Obernzell,BHKW Am Hafen,10.7.1999,25,"Am Hafen 1, 94130 Obernzell",SEE956653412663,https://www.marktstammdatenregister.de/MaStR/Einheit/Detail/IndexOeffentlich/4229865,Burke,48.558765,13.622788
140,Barmherzige Brüder gemeinnützige Behindertenhilfe GmbH,BHKW,20.1.2016,9,"Äußere Passauer Straße 60, 94315 Straubing",SEE966376325836,https://www.marktstammdatenregister.de/MaStR/Einheit/Detail/IndexOeffentlich/4230131,Lausser,48.873947,12.585982
99,"Micro-Epsilon Messtechnik GmbH & Co.KG Wißpeintner, Karl",KWK Anlage Bau7,23.1.2017,8,"Königbacher Straße 15, 94496 Ortenburg",SEE979912872350,https://www.marktstammdatenregister.de/MaStR/Einheit/Detail/IndexOeffentlich/4234629,Burke,48.529331,13.238232
50,Stiftung Marienstift,M.,22.7.2014,10,"Klugstraße 144, 80637 München",SEE939751782821,https://www.marktstammdatenregister.de/MaStR/Einheit/Detail/IndexOeffentlich/4240219,Ökotherm,48.163923,11.531703
50,"Landratsamt Kronach, Güterstraße 18, 96317 Kronach",BHKW_HZ (G/BS),7.1.2020,5,"nan nan, 96317 Kronach",SEE988566864611,https://www.marktstammdatenregister.de/MaStR/Einheit/Detail/IndexOeffentlich/4244612,Sell,50.235935,11.327948
70,Stadtwerke Immenstadt i. Allgäu,BHKW Hallenbad,16.11.2017,7,"Allgäuer Straße 15, 87509 Immenstadt",SEE952311863952,https://www.marktstammdatenregister.de/MaStR/Einheit/Detail/IndexOeffentlich/4246899,Biomassehof,47.559095,10.227431
106,Kimmel Metallverarbeitung,BHKW 1,1.1.1999,26,"Falterhaid 52a, 94436 Simbach",SEE937123884944,https://www.marktstammdatenregister.de/MaStR/Einheit/Detail/IndexOeffentlich/4247919,Lausser,48.555321,12.730322
140,Opti-Wohnwelt Neu-Ulm GmbH,BHKW Neu-Ulm,19.12.2016,8,"Borsigstraße 15, 89231 Neu-Ulm",SEE904259920198,https://www.marktstammdatenregister.de/MaStR/Einheit/Detail/IndexOeffentlich/4247956,Gaiser,48.393892,10.016593
106,Kimmel Metallverarbeitung,BHKW 2,1.1.1999,26,"Falterhaid 52 a, 94436 Simbach",SEE981990775096,https://www.marktstammdatenregister.de/MaStR/Einheit/Detail/IndexOeffentlich/4248310,Lausser,48.555321,12.730322
50,Landkreis Günzburg,Landratsamt GZ BHKW,14.3.2012,13,"An der Kapuzinermauer 1, 89312 Günzburg",SEE963530951221,https://www.marktstammdatenregister.de/MaStR/Einheit/Detail/IndexOeffentlich/4250654,Gaiser,48.452351,10.279652
70,Helios Amper-Klinikum Dachau,BHKW 2,22.7.2014,10,"Krankenhausstraße 15, 85221 Dachau",SEE917689644183,https://www.marktstammdatenregister.de/MaStR/Einheit/Detail/IndexOeffentlich/4262487,ITW,48.265047,11.428351
70,"Fachklinik für Ortopädie, Rheumatologie",BHKW,29.10.2015,9,"Wasachstraße 41, 87561 Oberstdorf",SEE965261746503,https://www.marktstammdatenregister.de/MaStR/Einheit/Detail/IndexOeffentlich/4267305,Biomassehof,47.423789,10.253743
70,Nürnberger Wach- und Schließgesellschaft mbH,BHKW Fraunhoferstraße 10 Keller,1.1.2014,11,"Fraunhoferstraße 10, 90409 Nürnberg",SEE972981462705,https://www.marktstammdatenregister.de/MaStR/Einheit/Detail/IndexOeffentlich/4276499,Schmoll,49.468341,11.097647
70,Lachenschmid Kunststofftechnik,Modul2362,31.7.2014,10,"Egerländer Straße 14, 86316 Friedberg",SEE935978115725,https://www.marktstammdatenregister.de/MaStR/Einheit/Detail/IndexOeffentlich/4342736,Rexroth,48.407846,10.955914
50,Edita GmbH,Blockheizkraftwerk,30.11.2017,7,"Am Hammerweiher 3, 88175 Scheidegg",SEE924999391669,https://www.marktstammdatenregister.de/MaStR/Einheit/Detail/IndexOeffentlich/4355551,Biomassehof,47.573778,9.844249
50,Wohlleben GmbH,Blockheizkraftwerk,22.5.2013,11,"Kösseinestraße 3, 95032 Hof",SEE959366752705,https://www.marktstammdatenregister.de/MaStR/Einheit/Detail/IndexOeffentlich/4431975,Sell,50.294573,11.926295
50,Kreisspitalstiftung Weißenhorn - Stiftungsklinik Weißenhorn,BHKW,1.1.2012,13,"Günzburger Straße 41, 89264 Weißenhorn",SEE934803451236,https://www.marktstammdatenregister.de/MaStR/Einheit/Detail/IndexOeffentlich/4444014,Gaiser,48.31141,10.155758
200,Brauerei Aying Franz Inselkammer KG,BHKW,6.12.2013,11,"Münchener Straße 21, 85653 Aying",SEE974621801608,https://www.marktstammdatenregister.de/MaStR/Einheit/Detail/IndexOeffentlich/4468845,ITW,47.97215,11.77407
50,Abwasserverband Mindel-Kammel,4002191195 - BHKW-Kläranlage,30.7.2014,10,"Rappenwörthstraße 14, 89362 Offingen",SEE951065359254,https://www.marktstammdatenregister.de/MaStR/Einheit/Detail/IndexOeffentlich/4519495,Gaiser,48.488745,10.381241
99,Gemeinde Planegg,BHKW Rathaus,18.12.2018,6,"Pasinger Straße 8, 82152 Planegg",SEE980449546393,https://www.marktstammdatenregister.de/MaStR/Einheit/Detail/IndexOeffentlich/4564065,ITW,48.102792,11.424114
50,Fraunhofer Gesellschaft e.V. / Fraunhofer Institut für Verfahrenstechnik und Verpackung,BHKW / IVV / FS,6.12.2010,14,"Giggenhauser Straße 35, 85354 Freising",SEE988922295738,https://www.marktstammdatenregister.de/MaStR/Einheit/Detail/IndexOeffentlich/4584436,ITW,48.394163,11.709238
50,"Bayerisches Rotes Kreuz, Seniorenhaus Kronach",BHKW,26.5.2014,10,"Friesener Straße 57, 96317 Kronach",SEE956274569555,https://www.marktstammdatenregister.de/MaStR/Einheit/Detail/IndexOeffentlich/4651027,Sell,50.24615,11.33485
50,Hotel Bergkristall GmbH & Co.KG,BHKW,6.12.2018,6,"Willis 8, 87534 Oberstaufen",SEE989013880802,https://www.marktstammdatenregister.de/MaStR/Einheit/Detail/IndexOeffentlich/4676896,Biomassehof,47.545481,10.002586
50,Wärmeversorgung Schwaben GmbH,WVS HZ KöBr BHKW1neu,7.9.2009,15,"St.-Ulrich-Straße 17, 86343 Königsbrunn",SEE952596110611,https://www.marktstammdatenregister.de/MaStR/Einheit/Detail/IndexOeffentlich/4698047,Rexroth,48.272541,10.885178
50,Arthrex GmbH,BHKW ODH,23.10.2013,11,"Oskar-von-Miller-Straße 6, 85235 Odelzhausen",SEE990602300380,https://www.marktstammdatenregister.de/MaStR/Einheit/Detail/IndexOeffentlich/4718962,ITW,48.301629,11.207419
50,MTC GmbH,BHKW_UKMP,1.2.2016,9,"Germeringer Straße 32, 82152 Planegg",SEE972445797428,https://www.marktstammdatenregister.de/MaStR/Einheit/Detail/IndexOeffentlich/4719371,ITW,48.108786,11.414768
140,RF 360 Europe GmbH,BHKW,26.2.2014,11,"Anzinger Straße 13, 81671 München",SEE929697504311,https://www.marktstammdatenregister.de/MaStR/Einheit/Detail/IndexOeffentlich/4729227,Ökotherm,48.121694,11.608331
113,Landeshauptstadt München RBS,"Bergsonstraße 109, 81245 München, Berufsbildungszentrum",1.12.2006,18,"Bergsonstraße 109, 81245 München",SEE911077343122,https://www.marktstammdatenregister.de/MaStR/Einheit/Detail/IndexOeffentlich/4787070,Ökotherm,48.163257,11.434339
49,Gesundheitseinrichtungen Bezirk Oberfranken,BKR_KWK50_2016,12.5.2016,8,"Fohrenreuther Straße 48, 95111 Rehau",SEE947823335950,https://www.marktstammdatenregister.de/MaStR/Einheit/Detail/IndexOeffentlich/4803316,Sell,50.238885,12.03657
50,Karl Bachl Betonwerke GmbH&Co.KG,BHKW 1,1.4.2009,15,"Industriestraße 4, 94491 Hengersberg",SEE941230334018,https://www.marktstammdatenregister.de/MaStR/Einheit/Detail/IndexOeffentlich/4807698,Lausser,48.766901,13.058715
50,Markt Meitingen,BHKW,23.5.2014,10,"Hauptstraße 58, 86405 Meitingen",SEE937237973343,https://www.marktstammdatenregister.de/MaStR/Einheit/Detail/IndexOeffentlich/4845695,Rexroth,48.537043,10.848461
53,WEG Bereiteranger 15-23 in 81541 München,ABR955382300142,5.3.2015,10,"Bereiteranger 23, 81541 München",SEE996530607195,https://www.marktstammdatenregister.de/MaStR/Einheit/Detail/IndexOeffentlich/5051486,Ökotherm,48.126144,11.580336
49,Autohaus Christl,BHKW,25.2.2016,9,"Filchnerstraße 86, 81476 München",SEE913719058258,https://www.marktstammdatenregister.de/MaStR/Einheit/Detail/IndexOeffentlich/5068439,Ökotherm,48.08818,11.498666
122,Titania Neusäß Betriebsgesellschaft mbH,Modul 1,15.3.2001,24,"Birkenallee 1, 86356 Neusäß",SEE968937758770,https://www.marktstammdatenregister.de/MaStR/Einheit/Detail/IndexOeffentlich/5284926,Rexroth,48.401089,10.824533
122,Titania Neusäß Betriebsgesellschaft mbH,Modul 2,15.3.2001,24,"Birkenallee 1, 86356 Neusäß",SEE975848761355,https://www.marktstammdatenregister.de/MaStR/Einheit/Detail/IndexOeffentlich/5298248,Rexroth,48.401089,10.824533
50,Robert Holtzapfel GmbH,BHKW Rob. Holtzapfel,21.12.2011,13,"Rohrbacher Straße 30, 96271 Grub a. Forst",SEE961061705757,https://www.marktstammdatenregister.de/MaStR/Einheit/Detail/IndexOeffentlich/5355804,Sell,50.233436,11.032986
50,Landkreis Lindau,BHKW Berufsschule Lindau (Bodensee),27.11.2012,12,"Reutiner Straße 10, 88131 Lindau",SEE985224131184,https://www.marktstammdatenregister.de/MaStR/Einheit/Detail/IndexOeffentlich/5390772,Biomassehof,47.557105,9.696593
114,Hochschule Kempten,BHKW Gebäude H el: 114kW th: 191kW,7.4.2003,21,"Bahnhofstraße 61, 87435 Kempten",SEE948826269419,https://www.marktstammdatenregister.de/MaStR/Einheit/Detail/IndexOeffentlich/5452038,Biomassehof,47.714568,10.313432
70,Justizvollzugsanstalt Memmingen,BHKW  JVA Memmingen,1.4.2016,8,"Gaswerkstraße 23, 87700 Memmingen",SEE958093020033,https://www.marktstammdatenregister.de/MaStR/Einheit/Detail/IndexOeffentlich/5658101,Gaiser,47.983372,10.189362
63,C&C Oberallgäu Lang-Steudler GmbH,BHKW,2.4.2014,10,"Hofen 18, 87544 Blaichach",SEE911854019967,https://www.marktstammdatenregister.de/MaStR/Einheit/Detail/IndexOeffentlich/5721958,Biomassehof,47.551585,10.251174
100,GEW Ferien GmbH,BHKW FCM,28.4.2004,20,"Stockach 1, 88167 Maierhöfen",SEE994708620427,https://www.marktstammdatenregister.de/MaStR/Einheit/Detail/IndexOeffentlich/6111281,Biomassehof,47.65028,10.068146
70,Zertius Grundbesitz GmbH,Luitpold,11.10.2012,12,"Bahnhofstraße 1, 87629 Füssen",SEE988601604004,https://www.marktstammdatenregister.de/MaStR/Einheit/Detail/IndexOeffentlich/6543183,Gaiser,47.569822,10.699075
140,Zweckverband Bad Griesbach,Wohlfühl-Therme BHKW,11.5.2012,12,"Thermalbadstraße 4, 94086 Bad Griesbach",SEE923584947113,https://www.marktstammdatenregister.de/MaStR/Einheit/Detail/IndexOeffentlich/6900104,Burke,48.428983,13.185855
81,WEG Bahnhofstraße 5-11,BHKW-Anlage WEG Bahnhofstr. 5-11,7.5.2019,5,"Bahnhofstraße 11, 86368 Gersthofen",SEE960663630405,https://www.marktstammdatenregister.de/MaStR/Einheit/Detail/IndexOeffentlich/7080355,Rexroth,48.424718,10.876436
50,Hochland Deutschland GmbH,BHKW Vitobloc 200,11.7.2012,12,"Kemptener Straße 17, 88178 Heimenkirch",SEE909286721039,https://www.marktstammdatenregister.de/MaStR/Einheit/Detail/IndexOeffentlich/7803927,Biomassehof,47.6283,9.906127
140,BMW AG,BMW München - KWK Dostlerstrasse,29.7.2016,8,"Dostlerstraße 3, 80809 München",SEE990413077372,https://www.marktstammdatenregister.de/MaStR/Einheit/Detail/IndexOeffentlich/9161548,Ökotherm,48.177242,11.562987
50,Aspire Munich GmbH,BHKW Anlage,21.8.2019,5,"Stahlgruberring 45, 81829 München",SEE903198361918,https://www.marktstammdatenregister.de/MaStR/Einheit/Detail/IndexOeffentlich/9492957,Ökotherm,48.13524,11.669318
